"Effect","df","Sum.of.Squares","Mean.Square","F.value","p.value"
"habitat",2,376.745133643941,188.37256682197,14.7185886325311,9.41141711492414e-06
"site",3,138.096336877706,46.0321122925685,3.59674307226019,0.0197437267138676
"habitat:site",4,65.4955610707865,16.3738902676966,1.27938244528036,0.290603044619154
"Residuals",50,639.913824365024,12.7982764873005,NA,NA
