"Source","df","SumOfSqs","R2","Pseudo.F","Pr..F."
"site",1,742.077767213785,0.0557573508784833,1.78553157059197,0.001
"habitat",2,1351.16406107403,0.101522147645743,1.62553454279806,0.001
"site:habitat",2,1241.26949141133,0.0932650210330841,1.493324529078,0.001
"Residual",24,9974.54579155169,0.74945548044269,NA,NA
"Total",29,13309.0571112508,1,NA,NA
