"Axis","Df","Variance","F","Pr"
"CAP1",1,14.5789243386612,1.80771498485915,0.001
"CAP2",1,8.13871979727885,1.00916126549168,0.47
"Residual",54,435.501127601178,NA,NA
