"Component","Df","Variance","F","Pr"
"habitat",2,22.7176441359401,1.40843812517542,0.001
"Residual",54,435.501127601178,NA,NA
