"Term","Df","Sum Sq","Mean Sq","F value","Pr(>F)"
"habitat",2,2.74797271886386,1.37398635943193,4.39463464576785,0.0174501253931269
"site",3,0.633151878729195,0.211050626243065,0.675036100418233,0.571412143327242
"habitat:site",4,1.89885271170859,0.474713177927149,1.51834911911624,0.211078265136942
"Residuals",50,15.6325436604282,0.312650873208565,NA,NA
